,Test Split,KNN 1,KNN 2,KNN 3,KNN 4,KNN 5,Ensemble
0,0.1,1.0,0.9987692307692307,0.9991796554552912,0.9993846153846154,0.999015263417036,1.0
1,0.2,1.0,0.9993846153846154,0.9995898277276456,0.9993846153846154,0.9992614475627769,0.9987692307692307
2,0.3,1.0,0.9987692307692307,0.9987694831829368,0.9987692307692307,0.999015263417036,0.9991796554552912
3,0.4,1.0,0.9993846153846154,0.9991796554552912,0.9990769230769231,0.9985228951255539,0.9990769230769231
4,0.5,1.0,0.9981538461538462,0.9983593109105825,0.9978461538461538,0.9977843426883308,0.9992614475627769
