,Test Split,KNN 1,KNN 2,KNN 3,KNN 4,KNN 5,Ensemble
0,0.1,0.9746666666666667,0.9738333333333333,0.9707222222222223,0.969,0.9672,0.9775
1,0.2,0.9678333333333333,0.9673333333333334,0.9636111111111111,0.9612916666666667,0.9599333333333333,0.9763333333333334
2,0.3,0.9755,0.973,0.9705555555555555,0.9685416666666666,0.9667666666666667,0.9736666666666667
3,0.4,0.9726666666666667,0.9716666666666667,0.9695,0.9667083333333333,0.9655,0.9712916666666667
4,0.5,0.9726666666666667,0.97075,0.9700555555555556,0.9685,0.9657,0.9696333333333333
