,Test Split,KNN 1,KNN 2,KNN 3,KNN 4,KNN 5,Ensemble
0,0.1,1.0,1.0,0.9777777777777777,0.9166666666666666,0.9066666666666666,1.0
1,0.2,0.9333333333333333,0.9666666666666667,0.9777777777777777,0.8833333333333333,0.8933333333333333,1.0
2,0.3,1.0,0.9666666666666667,0.9777777777777777,0.9333333333333333,0.9333333333333333,0.9777777777777777
3,0.4,1.0,1.0,0.9777777777777777,0.9,0.92,0.9166666666666666
4,0.5,1.0,0.9666666666666667,0.9777777777777777,0.95,0.96,0.9333333333333333
