,Test Split,KNN 1,KNN 2,KNN 3,KNN 4,KNN 5,Ensemble
0,0.1,0.5,0.0,0.2,0.3333333333333333,0.42857142857142855,0.5
1,0.2,0.0,0.0,0.2,0.3333333333333333,0.42857142857142855,0.3333333333333333
2,0.3,0.5,0.6666666666666666,0.6,0.3333333333333333,0.42857142857142855,0.4
3,0.4,0.5,0.3333333333333333,0.4,0.3333333333333333,0.42857142857142855,0.3333333333333333
4,0.5,0.5,0.6666666666666666,0.4,0.3333333333333333,0.42857142857142855,0.42857142857142855
